SampleID	Chr	Start	End	nProbes	Segment_Mean
Pat100	1	14716	23240050	3444	0.380743341
Pat100	1	23240340	46726279	4214	0.264572185
Pat100	1	46726435	145368365	6770	0.425020845
Pat100	1	145368787	156761486	3042	0.025733088
Pat100	1	156764528	160188748	757	0.487885828
Pat100	1	160188848	167097739	849	0.115860268
Pat100	1	167301753	234519616	7076	0.050805704
Pat100	1	234527406	236180660	279	-0.320962576
Pat100	1	236187365	236762753	139	-0.035824111
Pat100	1	236762953	248084817	832	0.258559119
Pat100	1	248085232	249231210	173	0.314211912
Pat100	2	41677	9517079	298	-0.05477518
Pat100	2	9519066	87376944	6550	-0.245487281
Pat100	2	87377161	162933997	4878	-0.088856465
Pat100	2	163000655	170361094	787	0.178976981
Pat100	2	170366301	179419710	1010	-0.13886098
Pat100	2	179419928	182543654	674	0.246232345
Pat100	2	182757424	243064414	5715	-0.073969949
Pat100	3	361456	44762830	3479	0.083764204
Pat100	3	44763118	58503198	3266	-0.052374759
Pat100	3	58508244	197847604	9433	0.091960865
Pat100	4	53446	190947570	11074	0.312691192
Pat100	5	140788	45695810	2502	-0.069405242
Pat100	5	49695165	140085272	5932	-0.681130362
Pat100	5	140165997	140890469	556	-0.275107925
Pat100	5	140890737	180374484	3396	-0.636552847
Pat100	5	180374728	180431720	14	0.124411779
Pat100	5	180432297	180687830	59	-0.883712126
Pat100	6	304662	25921524	1477	-0.139919246
Pat100	6	25923838	27775468	261	-0.650239308
Pat100	6	27775958	27861465	38	-0.831636536
Pat100	6	27879231	30314633	441	-0.029612936
Pat100	6	30457246	33391414	1492	-0.434024351
Pat100	6	33393677	44228283	1960	-0.20089767
Pat100	6	44229400	170893364	8431	-0.071603913
Pat100	7	195594	98649924	6316	0.601271804
Pat100	7	98650051	100610026	749	0.360186616
Pat100	7	100610302	158935237	5004	0.623260215
Pat100	8	116709	4851895	196	0.171018561
Pat100	8	6266945	42828386	2854	-0.033079834
Pat100	8	42829200	146279571	5621	0.152839854
Pat100	9	14810	6482100	582	0.197274036
Pat100	9	6486872	21971116	811	0.400646118
Pat100	9	21971128	22029573	9	-1.697635397
Pat100	9	22447671	32436471	194	0.464492734
Pat100	9	32440404	39887043	1237	0.156240035
Pat100	9	39888164	94538115	1638	0.340257086
Pat100	9	94794793	95485109	178	0.071977352
Pat100	9	95491511	127620141	3122	-0.373227101
Pat100	9	127622602	132891084	1136	-0.577461121
Pat100	9	132897365	141071720	1585	-0.41736468
Pat100	10	93299	17750968	1324	-0.663479535
Pat100	10	17751012	17949581	14	0.098278042
Pat100	10	18060377	18198205	14	-1.432892162
Pat100	10	18242304	38979564	1348	-0.646680402
Pat100	10	39006399	51829538	650	0.19130971
Pat100	10	51853140	51974685	11	-1.455159812
Pat100	10	52002979	61552774	275	0.397238953
Pat100	10	61554155	95266683	2937	0.021944263
Pat100	10	95275249	98988989	634	0.317086419
Pat100	10	98989675	126681272	3116	0.056750161
Pat100	10	126681884	135491056	582	0.272775441
Pat100	11	193096	842426	286	-0.386020713
Pat100	11	862642	46529939	4011	-0.054151021
Pat100	11	46534219	48188934	576	-0.233428638
Pat100	11	48238563	57003946	421	0.331646125
Pat100	11	57004344	62156763	987	-0.058850005
Pat100	11	62159098	62348973	107	-0.32508924
Pat100	11	62349125	62623907	255	-0.825666039
Pat100	11	62649373	65178753	766	-0.286109133
Pat100	11	65265372	65273847	34	-1.759096483
Pat100	11	65293028	67258362	801	-0.368980948
Pat100	11	67259609	123465494	5026	-0.086671895
Pat100	11	123466697	125359442	326	0.322209825
Pat100	11	125359542	134257494	642	-0.027325144
Pat100	12	73208	6181502	742	-0.11537062
Pat100	12	6182877	7277225	531	-0.512954344
Pat100	12	7280880	49221651	3537	-0.067253025
Pat100	12	49224463	56296182	1993	-0.240360366
Pat100	12	56297167	56580930	234	-0.732857041
Pat100	12	56581180	62997507	1068	-0.28426485
Pat100	12	63042192	125302334	6021	-0.114738536
Pat100	12	125396191	125436996	14	-0.998501837
Pat100	12	125438712	133779290	531	-0.01099696
Pat100	13	19240972	20240691	77	0.442273017
Pat100	13	20240743	26043182	619	0.028304585
Pat100	13	26104086	39544423	1125	0.418034736
Pat100	13	39544533	53282913	1215	-0.05311138
Pat100	13	53286737	72204634	164	0.57869767
Pat100	13	72249425	100909887	1051	0.202902917
Pat100	13	100914953	115091786	895	0.487296377
Pat100	14	19114464	24571973	1304	-0.138837619
Pat100	14	24572090	24795523	284	-0.585773089
Pat100	14	24798429	107283274	7185	-0.153581907
Pat100	15	20083824	25523462	339	0.091793527
Pat100	15	25584305	25654244	22	-0.461675676
Pat100	15	25924564	34168210	638	-0.009504206
Pat100	15	34295197	94983565	8058	-0.240433211
Pat100	15	94986140	102516492	400	-0.092701308
Pat100	16	66912	66436572	6564	-0.164403481
Pat100	16	66545929	69791454	1034	-0.333642093
Pat100	16	69820908	90162604	2054	-0.095879595
Pat100	17	63678	8366660	2562	-0.525230729
Pat100	17	8370267	11687790	590	-0.132130978
Pat100	17	11696800	21188256	1256	-0.709730066
Pat100	17	21201579	81188272	10041	-0.065432465
Pat100	18	47738	192970	16	-0.187355141
Pat100	18	196701	14179448	1047	-0.314962151
Pat100	18	14183638	78005165	3233	-0.113261677
Pat100	19	110662	7734263	1779	-0.034709226
Pat100	19	7734695	48807401	8026	0.204724561
Pat100	19	48830100	50399126	713	-0.063075601
Pat100	19	50399292	58899591	2356	0.241145941
Pat100	19	58904531	59110363	106	-0.126703146
Pat100	20	68363	25434182	1949	-0.357650006
Pat100	20	25434332	62958741	4212	-0.013366329
Pat100	21	9590334	48084177	2702	-0.113682449
Pat100	22	16255865	26866688	1447	0.299209323
Pat100	22	26868325	51237612	3470	0.17661964
Pat100	23	200967	11318719	453	-0.263875364
Pat100	23	11777852	11793243	17	-1.711276103
Pat100	23	12516957	153171136	7536	-0.223352229
Pat100	23	153171627	154004395	334	-0.695041759
Pat100	23	154005009	155255095	150	-0.253377675
Pat165	1	69511	977338	68	-0.400296991
Pat165	1	979058	9416657	1024	-0.886976778
Pat165	1	9427487	144892250	12749	-0.189368885
Pat165	1	144892473	152009429	1262	0.548252415
Pat165	1	152057472	153431561	276	-1.068680337
Pat165	1	153507341	156760906	1401	0.61920591
Pat165	1	156761618	160801286	911	-0.094803969
Pat165	1	160802314	161761162	327	1.003379486
Pat165	1	161761412	247006136	7997	0.087854701
Pat165	1	247007098	247079396	50	0.537753735
Pat165	1	247079746	249212579	319	-0.622494949
Pat165	2	41627	6991580	177	-0.667007954
Pat165	2	7001406	86993074	6250	0.021475251
Pat165	2	86993224	243064404	12625	-0.431888025
Pat165	3	361508	197847649	15467	-0.216036725
Pat165	4	53469	190947630	10621	-0.402758885
Pat165	5	140788	1087084	187	-0.515229098
Pat165	5	1089205	1245997	28	-1.524603539
Pat165	5	1254558	32093070	999	-0.392949714
Pat165	5	32097426	35857130	360	1.184029089
Pat165	5	35860873	90368492	3416	-0.308608212
Pat165	5	90398074	90678897	14	1.773825348
Pat165	5	92921099	140085322	3094	-0.342281575
Pat165	5	140165797	140790116	484	-1.463993063
Pat165	5	140792758	180687710	3445	-0.488201098
Pat165	6	304636	27115288	1620	0.274577051
Pat165	6	27215716	27435724	33	-0.411275237
Pat165	6	27440069	30229564	452	-0.158302995
Pat165	6	30230095	33402933	1448	0.808503212
Pat165	6	33403165	89859007	4486	0.002142869
Pat165	6	89859207	134373522	2776	-0.653797453
Pat165	6	134491416	134638613	20	1.984042295
Pat165	6	135239727	170893427	2673	-0.594826462
Pat165	7	195679	1474369	102	-0.246117326
Pat165	7	1474752	6940098	653	0.198873527
Pat165	7	6964620	11871406	179	1.634659748
Pat165	7	12254494	28857741	862	0.242258401
Pat165	7	28858664	40789051	814	-0.026384369
Pat165	7	40899967	64168985	1085	-0.769560189
Pat165	7	64254901	158935137	8158	-0.172768851
Pat165	8	116879	38285938	2505	-0.785546316
Pat165	8	38287365	131124422	4695	-0.062075615
Pat165	8	131124559	146279639	1222	-0.51698152
Pat165	9	14812	35563254	2138	-0.724051784
Pat165	9	35563755	140657199	7942	-0.216322999
Pat165	9	140669582	141071552	75	-1.19253665
Pat165	10	93238	135491151	10601	-0.354449529
Pat165	11	87199	884128	294	-0.027128457
Pat165	11	899948	6292587	989	-0.910121842
Pat165	11	6292691	58126194	4200	-0.238451609
Pat165	11	58126372	62303393	817	-0.777178914
Pat165	11	62327153	64846984	865	-0.179087561
Pat165	11	64847069	87029150	2760	0.164791847
Pat165	11	87030431	102477395	727	1.122167668
Pat165	11	102479750	134257507	3344	-0.715357407
Pat165	12	73258	6145653	720	-0.499184096
Pat165	12	6153501	7170342	474	0.498218468
Pat165	12	7171493	53346675	4661	-0.302367324
Pat165	12	53400183	58196046	1813	0.225857553
Pat165	12	58197182	133779285	6497	-0.337218365
Pat165	13	19043426	115091786	4936	-0.317626077
Pat165	14	19114543	102028754	7405	-0.538836849
Pat165	14	102276235	107283297	920	-0.103395589
Pat165	15	20083857	102516492	9031	-0.261369745
Pat165	16	66905	28734926	3909	-0.582172347
Pat165	16	28836764	31213193	798	0.05166643
Pat165	16	31213903	90162604	4820	-0.472061858
Pat165	17	63695	8354094	2503	-0.18002669
Pat165	17	8354344	25309046	1835	-0.71118179
Pat165	17	25621401	81188272	9706	0.042951147
Pat165	18	47476	78005189	4144	-0.455076618
Pat165	19	110762	8670517	2099	-0.37973538
Pat165	19	8807735	9639602	357	-1.37679377
Pat165	19	9639733	45322891	6573	-0.392127749
Pat165	19	45368601	50435747	1438	0.194146117
Pat165	19	50436254	59110363	2483	-0.798140727
Pat165	20	68396	62904988	6049	-0.276511731
Pat165	21	9590444	48084172	2629	-0.45944795
Pat165	22	16255865	51237562	4841	-0.36979137
Pat165	23	200967	23754194	1600	-0.767253158
Pat165	23	23801519	23858452	8	1.929340591
Pat165	23	23874295	73959386	3112	-0.636378538
Pat165	23	73959923	153138000	4346	-0.946700384
Pat165	23	153138099	155255095	537	-0.428768986
Pat170	1	69524	107938028	3576	0.1403339
Pat170	1	107950328	118509289	591	0.569395359
Pat170	1	118516082	249211711	4258	-0.037762654
Pat170	2	41647	3744991	36	-0.21019262
Pat170	2	6989984	24535235	401	-0.52906709
Pat170	2	24538091	86790358	1748	0.160328734
Pat170	2	86831189	216002928	3809	-0.085252267
Pat170	2	216177181	243061161	764	0.064095808
Pat170	3	367694	197847649	5020	0.112450557
Pat170	4	53283	49504335	1024	-0.481053392
Pat170	4	49505152	190947503	3254	-0.063104136
Pat170	5	143181	180687408	4329	-0.036845567
Pat170	6	304612	27425018	578	0.215715316
Pat170	6	27775568	27861365	12	1.302447594
Pat170	6	27879300	57512565	1366	0.081376898
Pat170	6	62611122	121638746	1395	-0.438566186
Pat170	6	121642865	170892210	1332	-0.034010963
Pat170	7	540741	158935281	3738	0.282019408
Pat170	8	116680	43211958	1007	-0.442101901
Pat170	8	48309085	146279389	1883	0.496573008
Pat170	9	52572	70183540	1024	-0.482003662
Pat170	9	70490076	140685250	2018	0.027130799
Pat170	9	140707540	141071670	12	-0.386108342
Pat170	10	93431	135491006	3742	-0.039916335
Pat170	11	87192	114320568	3503	-0.034394328
Pat170	11	114392707	134244554	623	-0.429117368
Pat170	12	73258	133733146	4538	-0.381356204
Pat170	13	19255717	115091186	1938	-0.057439914
Pat170	14	19118192	107283115	2811	-0.274731425
Pat170	15	20169997	68124568	1955	-0.204696636
Pat170	15	68378937	100802495	822	0.151476162
Pat170	15	100996178	102462618	63	-0.790633981
Pat170	16	105463	90162554	2261	-0.019173305
Pat170	17	263921	54912114	2554	-0.348349908
Pat170	17	54921509	80790107	1077	0.642734488
Pat170	18	47610	77896593	1478	-0.010112884
Pat170	19	110712	21992001	1080	0.060753194
Pat170	19	21992383	59068485	1971	-0.532063255
Pat170	20	76776	62904888	1528	0.47199609
Pat170	21	9590408	48084226	857	0.1132021
Pat170	22	16256603	51237486	954	0.248820469
Pat170	23	208243	155231122	1435	-0.182546924
Pat18	1	14930	44137290	7470	0.064298359
Pat18	1	44137484	111959167	5908	-0.202026579
Pat18	1	111962209	113217702	157	0.287177176
Pat18	1	113231660	120311442	925	-0.18689808
Pat18	1	120336735	249212531	13375	0.257521579
Pat18	2	41677	243061161	20040	-0.230645686
Pat18	3	361508	9426312	412	0.007789926
Pat18	3	9470607	52597513	5680	-0.210763784
Pat18	3	52597566	105572418	2393	0.010636136
Pat18	3	105586387	197847649	7801	-0.228662441
Pat18	4	53383	533149	79	0.415589137
Pat18	4	619516	144446553	8481	0.271640365
Pat18	4	144447472	190947503	2391	0.360413742
Pat18	5	140788	5146335	337	0.353137081
Pat18	5	5146601	7626454	124	-0.321923744
Pat18	5	7690908	9043108	75	0.821348672
Pat18	5	9043177	36271333	1236	0.009296282
Pat18	5	36301362	180687698	10820	-0.240734145
Pat18	6	304636	71011712	7293	0.472356019
Pat18	6	71012677	170893364	6844	-0.253783015
Pat18	7	195592	158935190	12475	0.277770262
Pat18	8	116680	38125496	2662	-0.592614666
Pat18	8	38126491	146279639	6219	0.455629773
Pat18	9	52572	141071720	10853	-0.22439315
Pat18	10	93315	135491151	11233	-0.227251195
Pat18	11	193112	134257494	14897	0.026502196
Pat18	12	73308	10571130	1970	0.632861342
Pat18	12	10572154	10588581	10	-0.135241439
Pat18	12	10599270	34179798	1895	0.657573089
Pat18	12	38596667	133779390	10944	-0.205743468
Pat18	13	19240986	110857823	4583	0.050474994
Pat18	13	110857907	114793283	500	-0.571267322
Pat18	13	114806453	115091786	50	0.066319347
Pat18	14	19114436	107283270	8885	0.050777803
Pat18	15	20083896	29526409	686	0.275049624
Pat18	15	29561033	34163148	425	-0.133221572
Pat18	15	34168089	35178904	162	0.23114732
Pat18	15	35182520	74738609	5544	-0.194199412
Pat18	15	74740739	102516492	2813	0.649090936
Pat18	16	64422	90162604	10268	-0.203746355
Pat18	17	63678	81188272	15010	-0.19694377
Pat18	18	47650	78005265	4309	0.023723234
Pat18	19	110783	24289347	6215	-0.153141933
Pat18	19	24309143	59082734	7658	0.301478678
Pat18	20	68363	62958791	6469	0.280078818
Pat18	21	9590334	48084226	2792	0.060438503
Pat18	22	16255891	51237612	5303	0.071258834
Pat18	23	200817	155255045	10152	-0.20046715
Pat62	1	14907	6228390	628	-0.012733003
Pat62	1	6246953	49332836	7240	-0.25251337
Pat62	1	49511273	84348742	2463	-0.030809834
Pat62	1	84348892	114354532	2926	-0.703847027
Pat62	1	114354942	151340830	2098	0.061065553
Pat62	1	151341416	247836388	11567	-0.034660759
Pat62	1	247875117	249212579	199	0.2541939
Pat62	2	41647	1546238	59	-0.369144594
Pat62	2	1642545	87376944	6731	-0.265308103
Pat62	2	87377263	88272798	20	0.001367882
Pat62	2	88272927	206305156	9282	0.008169046
Pat62	2	206305303	243064414	3743	0.156795014
Pat62	3	361543	18458581	1571	0.058974948
Pat62	3	18462303	52551010	4255	0.108368689
Pat62	3	52551566	97705793	1913	-0.221264651
Pat62	3	97711771	97744516	10	-0.004399888
Pat62	3	97753668	184298328	7007	0.138343519
Pat62	3	184298601	197847604	1310	-0.104714785
Pat62	4	53333	57906986	3525	-0.031560154
Pat62	4	62363038	71232701	499	-0.438704571
Pat62	4	71250308	122854020	3724	0.000327969
Pat62	4	122854116	139483162	575	-0.62048043
Pat62	4	139964287	178911647	2130	0.139090834
Pat62	4	183090388	190395259	579	-0.623341554
Pat62	4	190395749	190947544	21	0.367618306
Pat62	5	143197	58295376	3051	0.227190132
Pat62	5	58297891	121799261	3500	-0.021272485
Pat62	5	121799332	140084183	1892	-0.445993438
Pat62	5	140085272	140812757	529	-0.085351163
Pat62	5	140855609	148980792	798	-0.450660068
Pat62	5	148989122	180687798	2687	0.176883967
Pat62	6	304512	26017986	1496	0.255405755
Pat62	6	26020717	39883943	3262	-0.445337771
Pat62	6	39893441	43529983	760	0.25596032
Pat62	6	43533434	44900494	246	-0.440564645
Pat62	6	44921100	78172233	1912	0.181718874
Pat62	6	78172433	110567442	1924	-0.683196002
Pat62	6	110620308	125404126	913	0.166320945
Pat62	6	125541183	170893487	3583	-0.64150028
Pat62	7	195681	11676547	919	0.196855726
Pat62	7	11871420	57529543	2759	-0.341156377
Pat62	7	62708659	86537850	1416	0.548076283
Pat62	7	86539095	91758181	491	0.201014235
Pat62	7	91758422	101267457	1649	-0.348719234
Pat62	7	101459335	108524575	900	-0.696931754
Pat62	7	110303667	112724729	129	-0.08446191
Pat62	7	113517728	129691250	1084	0.093214901
Pat62	7	129710651	158935228	2731	0.44812712
Pat62	8	163581	41615614	2899	0.21758004
Pat62	8	41615714	135614272	4953	0.023171994
Pat62	8	135614594	146279539	871	0.144418764
Pat62	9	52572	19058921	1117	-0.079636953
Pat62	9	19060231	21802763	261	-0.63085906
Pat62	9	21815455	22447122	23	-1.800590204
Pat62	9	22447671	27229141	114	-0.605894315
Pat62	9	27284708	37498295	1160	-0.101330902
Pat62	9	37500895	130488494	5423	0.146657145
Pat62	9	130489189	141071670	2299	-0.234833783
Pat62	10	93238	30336705	2179	-0.026809481
Pat62	10	30602593	39011152	503	-1.104459412
Pat62	10	42680927	134013906	8017	-0.362792689
Pat62	10	134015534	135491121	187	-0.046984743
Pat62	11	87142	280752	49	0.087185124
Pat62	11	281111	7587003	1446	0.343870345
Pat62	11	7614421	56757126	3799	-0.048901822
Pat62	11	56757328	59190499	383	-0.331671215
Pat62	11	59210761	62348679	726	0.083367954
Pat62	11	62348915	134188839	7921	-0.278715155
Pat62	11	134212820	134257494	26	0.149408604
Pat62	12	73358	25957350	3171	0.322645445
Pat62	12	26208277	27829561	235	-0.659876901
Pat62	12	27830009	39725577	532	-0.199299746
Pat62	12	39726062	49412462	976	-0.675229199
Pat62	12	49415578	51138382	522	-0.375833543
Pat62	12	51138687	54930120	1155	-0.759448473
Pat62	12	54930732	76769001	2516	-0.40713816
Pat62	12	76772280	77158062	21	0.046683696
Pat62	12	77191315	108985945	2364	0.102077303
Pat62	12	109017155	133779340	3207	0.045528265
Pat62	13	19043394	115091783	5125	-0.378283613
Pat62	14	19114443	20711958	120	0.555362221
Pat62	14	20757804	104570813	8234	0.114957701
Pat62	14	104571675	107283247	436	0.410091716
Pat62	15	20083896	35087034	1130	0.327833068
Pat62	15	35149124	45983249	2108	-0.706858469
Pat62	15	47873477	50741644	460	-1.091439799
Pat62	15	50751337	50774346	13	-0.65323934
Pat62	15	50776525	102516492	5666	-0.267410511
Pat62	16	79890	10525004	1662	0.120385062
Pat62	16	10525204	90162604	7912	-0.619247969
Pat62	17	63678	20163529	4328	-0.262973488
Pat62	17	20200231	27621194	678	-0.021076624
Pat62	17	27778582	28120851	111	-0.743336442
Pat62	17	28268800	35692395	1166	-0.018419292
Pat62	17	35696855	41939211	2020	-0.715034801
Pat62	17	41955158	65972110	3652	-0.148632309
Pat62	17	65978485	81187972	2464	0.005288207
Pat62	18	47654	67613959	3909	0.039325837
Pat62	18	67614289	67872626	75	-0.5440608
Pat62	18	67872778	67993543	9	-1.968605398
Pat62	18	70205401	78005265	324	-0.557377271
Pat62	19	110662	1360527	279	-0.161322104
Pat62	19	1360657	59063157	12465	0.013282318
Pat62	19	59063292	59082793	20	-0.267472008
Pat62	20	68279	2644869	323	-0.732046759
Pat62	20	2774829	5579455	460	0.472105305
Pat62	20	5584943	42747313	3039	-0.020097892
Pat62	20	42788320	48461514	971	-0.270055714
Pat62	20	48466221	58571108	706	-0.015149553
Pat62	20	58571747	62905038	581	0.330919642
Pat62	21	9590370	15858433	118	0.237214202
Pat62	21	15870638	22910123	164	-0.622258831
Pat62	21	26946323	48084122	2393	-0.015264492
Pat62	22	16255891	18613887	225	-0.55022053
Pat62	22	18640527	40697377	3175	0.176763965
Pat62	22	40704556	41791990	253	-0.682120275
Pat62	22	41832405	50167832	879	0.187258501
Pat62	22	50168081	51237581	388	-0.582581432
Pat62	23	200767	14933747	642	-0.121989191
Pat62	23	14934385	37312631	1059	0.220340013
Pat62	23	37312692	124030118	4226	-0.024268058
Pat62	23	124097473	154774856	1783	0.859062366
Pat62	23	155003441	155255045	25	0.106493438
Pat67	1	14930	23399840	4066	-0.097854588
Pat67	1	23403836	61869783	5954	0.038482731
Pat67	1	61872228	62740585	97	-0.104054786
Pat67	1	62747088	149762907	5829	0.161002211
Pat67	1	149763057	149872054	15	1.265905987
Pat67	1	149876674	249212531	13138	0.135952882
Pat67	2	41677	3593467	163	0.023370139
Pat67	2	3595423	232790404	19595	0.192926813
Pat67	2	232879599	243064471	1344	-0.009471537
Pat67	3	361547	58368433	7215	0.15377438
Pat67	3	58376297	183368829	8055	0.239233566
Pat67	3	183368891	197847562	1797	0.153249965
Pat67	4	53469	10099479	1452	-0.371319195
Pat67	4	10099524	187155263	10034	-0.068942011
Pat67	4	187158036	191003295	184	-0.238530731
Pat67	5	140709	235466	51	-1.266827998
Pat67	5	236555	1466813	270	-0.319592548
Pat67	5	1471015	1816087	27	0.550294816
Pat67	5	1878325	6632047	119	-1.056225707
Pat67	5	6632147	159992754	10879	-0.090435875
Pat67	5	159992958	160115100	38	-1.172557244
Pat67	5	160721250	177676988	1286	-0.176540038
Pat67	5	177679571	180687710	497	-0.327664394
Pat67	6	304712	26846647	1740	0.235945475
Pat67	6	27100113	27115198	11	1.607346819
Pat67	6	27215716	27435724	35	-0.084560793
Pat67	6	27440019	27861582	36	1.474570008
Pat67	6	27879055	62757940	5430	0.187270949
Pat67	6	62887099	170893364	7441	-0.498582058
Pat67	7	195594	6189807	773	-0.115651556
Pat67	7	6189957	158580669	12499	0.176072663
Pat67	7	158581021	158935228	49	-0.109878392
Pat67	8	116659	4851845	252	-0.115176262
Pat67	8	6266921	139890160	8194	0.05495851
Pat67	8	139890478	146279639	1037	-0.207687555
Pat67	9	14812	21862093	1430	-0.457759463
Pat67	9	21931002	22447046	14	-2.007444233
Pat67	9	22447759	41963887	1518	-0.528295794
Pat67	9	42338905	43737573	22	-2.248728139
Pat67	9	43815886	131020422	5797	-0.559398906
Pat67	9	131020718	141071670	2618	-0.78056663
Pat67	10	93315	47911538	3181	-0.563264431
Pat67	10	47915891	47948883	12	-2.00744234
Pat67	10	48004111	135491182	8532	-0.564355191
Pat67	11	193096	418956	123	-0.17775834
Pat67	11	419565	3797135	886	-0.408986996
Pat67	11	3797300	65688385	7487	-0.102957873
Pat67	11	65688839	77907961	2304	-0.254246509
Pat67	11	77909014	134257494	4988	-0.10188673
Pat67	12	73458	351711	61	0.403365753
Pat67	12	352811	1904797	248	1.170056001
Pat67	12	1909182	6030302	444	0.357738665
Pat67	12	6030405	9162052	1034	1.235585753
Pat67	12	9220395	14019183	720	0.545098863
Pat67	12	14576853	16055902	236	1.249976056
Pat67	12	16109707	23893986	541	0.657568797
Pat67	12	23908591	25257445	44	1.566200335
Pat67	12	25259881	27181405	216	2.013726177
Pat67	12	27234078	33592497	578	1.507127021
Pat67	12	34175508	40158736	141	0.286473843
Pat67	12	40223867	40760764	91	-0.377791483
Pat67	12	40761480	41387096	27	1.474592639
Pat67	12	41408122	41967677	33	-0.486715249
Pat67	12	42481609	43072798	65	0.776426692
Pat67	12	43748056	49258669	688	-0.533468852
Pat67	12	49258719	49364170	35	1.155019331
Pat67	12	49372485	51203205	600	-0.544062181
Pat67	12	51203455	51323939	19	0.722742555
Pat67	12	51347828	54119048	1036	-0.582110562
Pat67	12	54332751	54448921	46	0.949932741
Pat67	12	54575458	56722008	738	-0.513759813
Pat67	12	56722289	58340768	877	1.141175222
Pat67	12	58345659	64895135	313	-0.418215309
Pat67	12	65004417	65110609	10	1.187564197
Pat67	12	65113948	68595883	201	0.024214483
Pat67	12	68618889	71155438	302	0.885756675
Pat67	12	71158452	71533534	11	-0.714952213
Pat67	12	71533671	75445108	194	0.4438806
Pat67	12	75601389	109536934	2659	-0.490919583
Pat67	12	109539755	120628251	1653	-0.689764168
Pat67	12	120634738	121177272	151	-0.564597335
Pat67	12	121202775	122812995	367	-0.132055127
Pat67	12	122817557	125302342	669	-0.663487366
Pat67	12	125348153	125398365	9	0.224431896
Pat67	12	125432395	125834918	67	-0.726304778
Pat67	12	125899979	126139283	17	-0.042520043
Pat67	12	128108752	132380422	202	0.587594006
Pat67	12	132391363	133779390	355	-0.100424514
Pat67	13	19042447	115091786	5398	0.215350815
Pat67	14	19114438	20404804	76	-0.202087082
Pat67	14	20443649	22309942	587	-0.50070667
Pat67	14	22314928	23058092	170	0.171257349
Pat67	14	23070625	102550824	7560	-0.54925629
Pat67	14	102550899	103871608	216	0.11118138
Pat67	14	103894800	104643459	173	-0.795895326
Pat67	14	104644192	107283297	539	0.281896784
Pat67	15	20083824	39874681	1477	-0.184179259
Pat67	15	39874923	41827100	655	-0.488538513
Pat67	15	41827132	67649620	4151	-0.169070893
Pat67	15	67652153	102516492	3873	0.401137994
Pat67	16	66904	29102060	4735	-0.037223962
Pat67	16	29105552	81095811	5086	0.103779242
Pat67	16	81097373	90162604	1151	-0.026121846
Pat67	17	63678	4798483	1266	-0.300172007
Pat67	17	4798585	71354401	12244	-0.200686035
Pat67	17	71357810	81188022	2452	-0.330021013
Pat67	18	47674	78005189	4527	-0.132392842
Pat67	19	110612	23938283	6964	-0.170874603
Pat67	19	23938406	49611639	5058	-0.035594603
Pat67	19	49619612	49633364	12	0.649865972
Pat67	19	49633695	50550106	496	0.02255174
Pat67	19	50562459	59110363	2801	-0.137528773
Pat67	20	68329	62958841	6812	0.089624391
Pat67	21	9590334	15561318	110	-0.02595624
Pat67	21	15561644	43955694	1912	0.19666313
Pat67	21	43959737	48084172	922	-0.058864116
Pat67	22	16255793	51237496	5684	0.033712294
Pat67	23	200767	155254995	9162	0.18411113
Pat76	1	14716	249212531	23979	0.070596681
Pat76	2	41647	97165100	6483	0.041726148
Pat76	2	97170959	219532905	8893	-0.621299349
Pat76	2	219533310	243064438	2266	0.014018356
Pat76	3	361404	17747602	1353	-0.613441392
Pat76	3	18390811	94226324	5443	0.01364462
Pat76	3	96069297	121449680	1754	-0.547006441
Pat76	3	121489206	127842532	794	0.008975906
Pat76	3	127872494	179399828	3128	-0.600770915
Pat76	3	179408058	180397086	75	-1.885897669
Pat76	3	180630509	197847485	1649	-0.583799961
Pat76	4	53428	190947570	9855	0.000487251
Pat76	5	140813	180687798	11069	0.014433176
Pat76	6	304637	170893427	12614	0.037573542
Pat76	7	195760	17937046	1012	-0.664547446
Pat76	7	18066569	63981878	2350	-0.04787006
Pat76	7	63982158	158580799	7450	0.43028915
Pat76	7	158581023	158935230	39	0.106704109
Pat76	8	116679	146279592	7773	-0.011466989
Pat76	9	52572	19786724	1085	-0.608238217
Pat76	9	20346597	23765092	172	-1.663877257
Pat76	9	26842506	141071720	7993	-0.598864671
Pat76	10	93331	135491077	9653	-0.61791113
Pat76	11	87342	82991233	8916	0.048645863
Pat76	11	82996986	134257523	4014	-0.62523631
Pat76	12	73408	133779375	13006	0.021508566
Pat76	13	19240902	115091783	4559	0.000630384
Pat76	14	19114436	50044392	2441	-0.576964166
Pat76	14	50050438	107283241	5398	0.034531778
Pat76	15	20083897	102516492	8312	0.030909789
Pat76	16	64422	90162504	8555	0.013447149
Pat76	17	63688	81052135	12825	0.056220538
Pat76	18	47524	78005165	3790	-0.014637534
Pat76	19	110712	59082725	11745	0.013951309
Pat76	20	68319	62904788	5413	0.006671118
Pat76	21	9590334	48084226	2355	-0.00738899
Pat76	22	16255891	51237496	4326	-0.612781086
Pat76	23	201017	155254995	7235	0.029488121
Pat79	1	745498	1647814	93	-0.134863758
Pat79	1	1650920	120384066	7014	-0.123363631
Pat79	1	120385116	152009397	863	0.073342075
Pat79	1	152057480	153270545	138	1.494339594
Pat79	1	153271554	153431445	19	0.491431667
Pat79	1	153507248	156752097	854	-0.087090414
Pat79	1	156756867	249212481	4707	0.304105977
Pat79	2	41527	70165413	2900	-0.139932477
Pat79	2	70314989	70329889	6	-1.984538885
Pat79	2	70377541	106739400	1287	-0.086944672
Pat79	2	106986258	108614343	35	1.446074951
Pat79	2	108622631	234591339	5291	-0.074193774
Pat79	2	234601669	234602191	3	-0.512356589
Pat79	2	234602455	243061111	325	0.072778989
Pat79	3	361508	149087714	5976	-0.143834707
Pat79	3	149089563	149205531	6	-1.469546164
Pat79	3	149220419	197847360	1926	-0.136897488
Pat79	4	53428	175184098	5234	-0.071406088
Pat79	4	175220304	189012603	372	-0.713866714
Pat79	4	189012846	190884272	15	-0.233287684
Pat79	5	143181	140175174	4339	-0.087877979
Pat79	5	140175984	140812657	109	1.200239534
Pat79	5	140855708	180687563	1569	-0.179408845
Pat79	6	304612	2685677	50	0.524414327
Pat79	6	2689064	30314567	1115	0.203540651
Pat79	6	30457515	33402965	920	-0.208440724
Pat79	6	33403300	58287640	1604	0.311628974
Pat79	6	62611323	129478995	2001	-0.056917074
Pat79	6	129498935	170892792	1731	-0.702362772
Pat79	7	540741	8275547	347	1.03579666
Pat79	7	10973327	57188718	1251	-0.671223484
Pat79	7	57194311	100491578	1705	-0.097346479
Pat79	7	100549583	100732562	59	1.801133275
Pat79	7	100771919	158935174	2218	-0.025026897
Pat79	8	163476	43013811	1446	-0.666132531
Pat79	8	43033296	146279589	2710	-0.119407103
Pat79	9	52572	141071280	4999	-0.725823183
Pat79	10	93281	135491077	5450	-0.129370435
Pat79	11	193808	57076091	2412	-0.064016883
Pat79	11	57076334	62284715	435	-0.489301808
Pat79	11	62285286	62299877	55	0.392646866
Pat79	11	62300115	65167367	591	-1.238868223
Pat79	11	65265372	65294524	36	-3.411956487
Pat79	11	65298147	67396372	463	-1.128113505
Pat79	11	67399795	67864522	32	-0.420464644
Pat79	11	67888355	104034543	1271	0.420131664
Pat79	11	104815495	134244563	1562	-0.792520277
Pat79	12	73458	3701390	215	-0.036078665
Pat79	12	3782611	6204614	91	-0.462503697
Pat79	12	6219682	7088686	306	-1.3274993
Pat79	12	7090193	34175508	1341	-0.678208408
Pat79	12	34176945	53346495	1128	-0.135535583
Pat79	12	53400263	56755765	686	-0.63926839
Pat79	12	56811771	133768518	3747	-0.119392924
Pat79	13	19393230	115091726	2595	-0.050371513
Pat79	14	19114493	20760273	68	0.922364583
Pat79	14	20763523	105407657	4194	-0.186454681
Pat79	14	105408095	107282926	128	1.088778865
Pat79	15	20169947	25223467	77	0.4429537
Pat79	15	25227137	25496028	23	2.084866738
Pat79	15	25585366	102516492	4384	-0.10903647
Pat79	16	81791	90162504	4221	-0.105060173
Pat79	17	263017	62846052	5910	-0.16376716
Pat79	17	62850740	62893368	14	0.758881138
Pat79	17	62924709	81052067	1322	-0.206957288
Pat79	18	47708	78005215	2047	-0.039177153
Pat79	19	110712	43023072	3258	-0.022628889
Pat79	19	43023372	43920611	84	1.091181505
Pat79	19	43922456	47240137	398	-0.111945741
Pat79	19	47241457	50397675	518	-1.137350572
Pat79	19	50399142	57065089	584	-0.147160145
Pat79	19	57065406	59082734	247	0.592626055
Pat79	20	76726	25657129	870	-0.679765253
Pat79	20	25657517	62904888	1819	0.348337876
Pat79	21	9590334	48084226	1295	0.223890249
Pat79	22	16255855	51237496	2080	0.344422936
Pat79	23	200817	155231122	838	-0.093513268
Pat81	1	69524	883926	13	-0.009011469
Pat81	1	887499	110735216	8465	-0.270858306
Pat81	1	110738296	249212514	9855	0.029936909
Pat81	2	41577	175094157	8912	0.062024764
Pat81	2	175111540	191899262	1393	0.507901385
Pat81	2	191900875	208133995	1109	0.986178856
Pat81	2	208420416	208725840	25	2.754057298
Pat81	2	208773217	212568834	245	1.100089383
Pat81	2	212570071	226446903	877	0.397271936
Pat81	2	226516274	232320210	383	1.026053425
Pat81	2	232320581	243061111	714	0.631113915
Pat81	3	361554	3084045	66	-0.003355006
Pat81	3	3084722	33906781	1405	-0.258080328
Pat81	3	33907945	197847500	9348	0.047384264
Pat81	4	53383	113107830	4972	-0.240367558
Pat81	4	113108146	119204185	236	0.741835514
Pat81	4	119216094	185637843	2343	-0.278657964
Pat81	4	185638319	190396320	258	0.642888906
Pat81	4	190864406	190947570	12	0.109389791
Pat81	5	143181	7414784	209	1.161397416
Pat81	5	7520909	14769116	303	-0.645915804
Pat81	5	15928004	16682136	35	1.643277511
Pat81	5	16694611	18049941	16	-0.70954039
Pat81	5	19473429	21760602	27	2.383875493
Pat81	5	21760874	31294086	58	-0.479663495
Pat81	5	31294290	39394413	736	0.094083283
Pat81	5	39719446	140085372	4492	-0.304240568
Pat81	5	140165847	140870946	341	0.316305496
Pat81	5	140874412	180687513	2181	-0.233703132
Pat81	6	304646	629882	39	-0.37332581
Pat81	6	633128	27435665	1204	0.120624871
Pat81	6	27440069	27861549	31	-1.186116872
Pat81	6	27879235	31597339	624	0.035875918
Pat81	6	31597659	33543608	745	-0.673881129
Pat81	6	33555470	161173962	6899	-0.29382611
Pat81	6	161455325	170892848	342	-0.709406378
Pat81	7	195692	76669333	2915	0.319697032
Pat81	7	76681069	100490108	1743	-0.392238809
Pat81	7	100491406	111584895	789	-0.023166556
Pat81	7	111629217	111982749	14	-0.34596228
Pat81	7	112090906	131195959	933	-0.703589783
Pat81	7	131346877	158935228	1572	-0.205230074
Pat81	8	163506	56737138	2324	-0.217082734
Pat81	8	56854534	57078841	20	3.871566311
Pat81	8	57079191	69730488	486	-0.263495623
Pat81	8	70476279	100883887	1095	0.226480125
Pat81	8	100887604	146279571	1839	-0.491194715
Pat81	9	52572	141071670	6854	-0.728975388
Pat81	10	93416	135491030	7419	-0.742968241
Pat81	11	193811	62301415	4210	0.437780867
Pat81	11	62327179	67378920	1282	0.058553655
Pat81	11	67379383	134244549	3965	0.348272126
Pat81	12	73458	20905250	1852	-0.785917532
Pat81	12	20968668	44917178	1145	0.087528263
Pat81	12	44926334	46764997	134	-0.766671358
Pat81	12	47160535	47761212	25	1.553837849
Pat81	12	48057380	53295676	1009	-0.735140015
Pat81	12	53298484	56188096	500	-0.18260213
Pat81	12	56188611	56848401	355	-1.016430048
Pat81	12	56862307	56915852	23	1.03950064
Pat81	12	56956368	57144850	72	-0.919635257
Pat81	12	57167631	57985204	294	0.861902866
Pat81	12	57987906	60173434	152	2.279272933
Pat81	12	62104219	63543964	77	0.449235202
Pat81	12	63954304	63994125	10	2.164532868
Pat81	12	64011062	65146532	117	1.38799399
Pat81	12	65445188	66605301	48	-0.20463327
Pat81	12	66611029	68709945	105	1.720515008
Pat81	12	68715183	69158509	49	-0.222625129
Pat81	12	69202224	72094803	249	2.301914056
Pat81	12	72163555	75905396	102	0.779452059
Pat81	12	76424838	76739779	18	2.71080405
Pat81	12	76739928	77054293	34	1.062133587
Pat81	12	77191258	133779066	3645	-0.227931341
Pat81	13	19255767	115091716	3628	0.099163945
Pat81	14	19114436	20763965	92	0.285965997
Pat81	14	20764585	105407707	5682	-0.34087058
Pat81	14	105408157	107283072	204	0.461702771
Pat81	15	20086506	102516449	6207	-0.752869762
Pat81	16	97487	90162454	5875	-0.242219177
Pat81	17	69482	38641202	4654	-0.323233488
Pat81	17	38643385	81187935	4798	0.006551848
Pat81	18	47624	78005189	2965	-0.292198712
Pat81	19	110783	45157234	5255	0.264550226
Pat81	19	45161997	50397669	950	-0.123559804
Pat81	19	50399142	59082343	1425	0.531014629
Pat81	20	68379	62904888	3792	0.127857954
Pat81	21	9590334	48084226	1770	-0.283151575
Pat81	22	16255891	51237486	2883	0.10235372
Pat81	23	200917	155231072	6333	0.023024672
Pat90	1	14930	7815762	811	-0.408632738
Pat90	1	7826434	7847529	11	-1.487899944
Pat90	1	7848142	23239966	2429	-0.572767805
Pat90	1	23356876	114524379	9768	-0.710843644
Pat90	1	114636329	118486283	466	-0.581359061
Pat90	1	118488805	120468365	221	0.356957217
Pat90	1	120469211	145282093	211	0.0127739
Pat90	1	145290377	145416975	33	0.47792606
Pat90	1	145438737	152009479	1184	-0.135859311
Pat90	1	152057417	153431561	268	0.987668715
Pat90	1	153507105	156314532	1317	-0.288861812
Pat90	1	156316593	158946453	643	0.411686804
Pat90	1	158984592	236212263	8075	0.141016227
Pat90	1	236306272	245180580	620	0.351041182
Pat90	1	245222727	246707816	35	0.792903937
Pat90	1	246708044	249212579	390	0.4651469
Pat90	2	41677	27246335	1634	-0.659675655
Pat90	2	27247051	86718296	4981	-0.802839484
Pat90	2	86718485	96523096	436	-0.333079731
Pat90	2	96542212	179404786	6099	-0.5911947
Pat90	2	179405068	186697786	910	-0.353365891
Pat90	2	187360070	202574592	1450	-0.867978638
Pat90	2	202574781	243064421	3970	-0.564684759
Pat90	3	361547	197847604	15804	0.136623369
Pat90	4	53428	73169822	4115	-0.523217699
Pat90	4	73171843	158284198	5245	-0.669697194
Pat90	4	159048603	159136251	13	-1.634293301
Pat90	4	159136511	187131818	1289	-0.70452911
Pat90	4	187149423	190947577	161	-0.272626272
Pat90	5	143231	31401623	1032	-0.34655229
Pat90	5	31407005	140085403	7215	-0.708701067
Pat90	5	140165958	140812607	491	0.166193943
Pat90	5	140855641	159992932	1878	-0.790307931
Pat90	5	159996598	180582741	1524	0.278877216
Pat90	5	180622167	180687830	41	-0.537576553
Pat90	6	304637	25923888	1434	0.144726404
Pat90	6	25924158	26468973	189	-0.557022352
Pat90	6	26501553	27115375	37	-0.07279284
Pat90	6	27215752	27435615	31	0.832819263
Pat90	6	27440119	30297126	442	0.284303432
Pat90	6	30297274	33402877	1537	-0.388454773
Pat90	6	33403300	62757840	3157	0.176221096
Pat90	6	62757940	170893408	7061	-0.656716318
Pat90	7	195679	5427318	453	0.70239987
Pat90	7	5430164	48147965	2781	0.49731241
Pat90	7	48237945	158935190	8627	0.764652637
Pat90	8	116653	11853596	531	-0.410272355
Pat90	8	11970619	12493865	31	0.250347509
Pat90	8	12554575	43211882	2528	-0.679259412
Pat90	8	47886113	146279589	5455	0.687298993
Pat90	9	14816	21931032	1374	-0.741373609
Pat90	9	21968199	22009008	9	-2.789809798
Pat90	9	22029423	32573028	252	-0.79100701
Pat90	9	32630227	32989759	36	0.064838785
Pat90	9	33001543	37305481	962	-0.932073175
Pat90	9	37305725	69256816	297	0.37267598
Pat90	9	69385826	69634756	14	-1.283448144
Pat90	9	69777482	123330604	4006	0.219682845
Pat90	9	123330742	132597465	1703	-0.039689246
Pat90	9	132618650	141071646	1585	0.277844216
Pat90	10	93257	332359	32	-0.784070176
Pat90	10	334332	7423819	488	-0.063863297
Pat90	10	7604925	7708760	27	-0.606493505
Pat90	10	7745492	35818911	1958	0.037035277
Pat90	10	35819162	59956147	902	0.366073638
Pat90	10	59956397	102307921	4233	0.002946915
Pat90	10	102506053	102587269	10	0.922833769
Pat90	10	102672914	116607025	1546	-0.054029042
Pat90	10	116608393	135491121	1439	0.244523912
Pat90	11	193194	294709	65	-0.862965886
Pat90	11	298556	320836	13	-1.770325179
Pat90	11	373152	48188909	4684	-0.581762103
Pat90	11	48238488	62303460	1501	0.234266897
Pat90	11	62327279	62652773	294	-0.654880006
Pat90	11	62652950	64985132	714	-0.017645457
Pat90	11	64990068	66130987	521	-0.36742102
Pat90	11	66131827	134257527	6393	0.13525094
Pat90	12	73258	5021348	636	-0.694986518
Pat90	12	5021363	7344380	682	-0.366592004
Pat90	12	7354341	12356385	832	0.286228223
Pat90	12	12397292	15035081	286	-0.106447928
Pat90	12	15035243	18892162	204	-0.813104041
Pat90	12	19242607	19522691	34	0.225359801
Pat90	12	19593232	21207642	94	-0.567654629
Pat90	12	21220222	22837901	273	0.08881768
Pat90	12	23687228	28702160	405	0.593471048
Pat90	12	29423405	30784786	93	0.099813961
Pat90	12	30784986	45568160	780	-0.522816373
Pat90	12	45695786	52501307	1360	-0.798892834
Pat90	12	52565179	53346601	305	-0.251669368
Pat90	12	53346675	56096910	704	-0.969640447
Pat90	12	56101277	56122126	22	-1.714831711
Pat90	12	56137459	57567156	775	-1.044636435
Pat90	12	57567512	64664420	697	-0.739159938
Pat90	12	64668746	66716633	189	0.584613393
Pat90	12	66717716	71978215	424	1.389146344
Pat90	12	71978470	73057013	148	0.262005268
Pat90	12	75434946	75902239	58	1.219829028
Pat90	12	75905396	78604297	180	-0.119745038
Pat90	12	79611374	88381634	318	-0.470643052
Pat90	12	88383044	124179620	4329	-0.678794644
Pat90	12	124179881	133779327	703	-0.343405482
Pat90	13	19240986	24334405	390	-0.518218346
Pat90	13	24334671	24515740	32	0.071935787
Pat90	13	24823964	26793839	300	-0.406275229
Pat90	13	26911749	27847522	59	0.573471106
Pat90	13	27847672	29041007	138	-0.411570669
Pat90	13	29041266	32605917	212	0.463869783
Pat90	13	32635319	38266432	572	-0.802306224
Pat90	13	38319982	48523627	744	0.589177964
Pat90	13	48523777	52373632	360	-0.029660454
Pat90	13	52373848	72049873	319	0.783824484
Pat90	13	72049993	78337247	418	0.11797451
Pat90	13	78470563	78493695	15	-0.628758732
Pat90	13	79175626	82264225	64	0.13339721
Pat90	13	82265080	103718595	781	0.651632163
Pat90	13	106118609	108518014	28	-0.72112082
Pat90	13	108518308	111953883	256	0.254731917
Pat90	13	111955293	115091786	347	0.770376015
Pat90	14	19114493	20760349	109	0.615552569
Pat90	14	20763447	24568970	1177	0.085692469
Pat90	14	24569249	24912032	378	-0.497338449
Pat90	14	24974744	105259057	6587	0.122733606
Pat90	14	105344872	107283274	366	0.750270263
Pat90	15	20083857	34382686	947	0.583695827
Pat90	15	34388215	102263367	8161	0.113323343
Pat90	15	102288066	102516492	24	0.598208957
Pat90	16	79890	29063626	3924	0.279368716
Pat90	16	29087989	31155064	685	-0.144764491
Pat90	16	31157152	46637395	253	0.647849929
Pat90	16	46637620	67271654	1830	-0.59267436
Pat90	16	67271903	70287988	847	-0.927268563
Pat90	16	70288490	90162554	1897	-0.551789229
Pat90	17	63678	6908552	1589	0.061398059
Pat90	17	6908728	7556865	473	-0.472637053
Pat90	17	7557183	21826147	2331	0.233663902
Pat90	17	25308930	39036190	2678	-0.752547172
Pat90	17	39036482	39925407	272	-0.179096653
Pat90	17	39925702	40062719	83	-0.841590677
Pat90	17	40062939	41177880	587	-1.091655561
Pat90	17	41179164	81188283	6277	-0.74695005
Pat90	18	47766	8828918	600	0.110870438
Pat90	18	9104311	9216926	20	-0.657706665
Pat90	18	9221958	78005189	3563	0.219132612
Pat90	19	110712	1236018	283	0.135709088
Pat90	19	1242055	1272446	19	-1.014911846
Pat90	19	1278978	8670557	1674	0.364520627
Pat90	19	8807843	9870526	361	0.966160758
Pat90	19	9872907	19313838	2769	0.179135211
Pat90	19	19327830	39103240	1922	0.573524635
Pat90	19	39104666	40228564	312	0.139093069
Pat90	19	40316512	40357522	22	-0.377968789
Pat90	19	40357646	43023072	814	0.228571049
Pat90	19	43023372	45162223	502	0.776906323
Pat90	19	45164524	50455180	1601	-0.085130964
Pat90	19	50455562	59110363	2277	0.613525364
Pat90	20	68363	259950	29	0.456025922
Pat90	20	264564	62905038	5882	0.213427699
Pat90	21	9590334	15599466	106	0.771080375
Pat90	21	15746071	40768728	1427	0.045317036
Pat90	21	40777932	48084177	1099	0.344103284
Pat90	22	16255891	24095257	975	0.40668002
Pat90	22	24106802	36922116	1608	0.143241894
Pat90	22	36933407	37539666	75	0.651212927
Pat90	22	37578214	37584137	6	-0.636574611
Pat90	22	37602680	43272134	1163	0.126055971
Pat90	22	43272340	51237467	914	0.351925272
Pat90	23	200867	100912421	4365	0.258443884
Pat90	23	101091117	101818700	35	0.915310935
Pat90	23	101857095	102004980	40	-0.087555946
Pat90	23	102005366	153186170	2697	0.320581528
Pat90	23	153195611	154065960	345	-0.301093388
Pat90	23	154088661	155239621	120	0.221656543